Location(ID),Open,Close
CT1,09:00,14:00
CT2,09:00,14:00
CT3,09:00,14:00
CT4,09:00,14:00
CT5,09:00,14:00
CT6,09:00,14:00
CT7,09:00,14:00
CT8,09:00,14:00
CT9,09:00,14:00
CT10,09:00,14:00
CT11,09:00,14:00
CT12,09:00,14:00
CT13,09:00,14:00
CT14,09:00,14:00
CT15,09:00,14:00
CT16,09:00,14:00
CT17,09:00,14:00
CT18,09:00,14:00
CT19,09:00,14:00
CT20,09:00,14:00
CT21,09:00,14:00
CT22,09:00,14:00
CT23,09:00,14:00
CT24,09:00,14:00
CT25,09:00,14:00
CT26,09:00,14:00
CT27,09:00,14:00
CT28,09:00,14:00
CT29,09:00,14:00
CT30,09:00,14:00
CT31,09:00,14:00
CT32,09:00,14:00
CT33,09:00,14:00
CT34,09:00,14:00
CT35,09:00,14:00
CT36,09:00,14:00
CT37,09:00,14:00
CT38,09:00,14:00
CT39,09:00,14:00
CT40,09:00,14:00
CT41,09:00,14:00
CT42,09:00,14:00
CT43,09:00,14:00
CT44,09:00,14:00
CT45,09:00,14:00
CT46,09:00,14:00
CT47,09:00,14:00
CT48,09:00,14:00
CT49,09:00,14:00
CT50,09:00,14:00
CT51,09:00,14:00
CT52,09:00,14:00
CT53,09:00,14:00
CT54,09:00,14:00
CT55,09:00,14:00
CT56,09:00,14:00
CT57,09:00,14:00
CT58,09:00,14:00
CT59,09:00,14:00
CT60,09:00,14:00
CT61,09:00,14:00
CT62,09:00,14:00
CT63,09:00,14:00
CT64,09:00,14:00
CT65,09:00,14:00
CT66,09:00,14:00
CT67,09:00,14:00
CT68,09:00,14:00
CT69,09:00,14:00
CT70,09:00,14:00
CT71,09:00,14:00
CT72,09:00,14:00
CT73,09:00,14:00
CT74,09:00,14:00
CT75,09:00,14:00
CT76,09:00,14:00
CT77,09:00,14:00
CT78,09:00,14:00
CT79,09:00,14:00
CT80,09:00,14:00
CT81,09:00,14:00
CT82,09:00,14:00
CT83,09:00,14:00
CT84,09:00,14:00
CT85,09:00,14:00
CT86,09:00,14:00
CT87,09:00,14:00
CT88,09:00,14:00
CT89,09:00,14:00
CT90,09:00,14:00
CT91,09:00,14:00
CT92,09:00,14:00
CT93,09:00,14:00
CT94,09:00,14:00
CT95,09:00,14:00
CT96,09:00,14:00
CT97,09:00,14:00
CT98,09:00,14:00
CT99,09:00,14:00
CT100,09:00,14:00
CT101,09:00,14:00
CT102,09:00,14:00
CT103,09:00,14:00
CT104,09:00,14:00
CT105,09:00,14:00
CT106,11:00,16:00
CT107,11:00,16:00
CT108,11:00,16:00
CT109,11:00,16:00
CT110,11:00,16:00
CT111,11:00,16:00
CT112,11:00,16:00
CT113,11:00,16:00
CT114,11:00,16:00
CT115,11:00,16:00
CT116,11:00,16:00
CT117,11:00,16:00
CT118,11:00,16:00
CT119,11:00,16:00
CT120,11:00,16:00
CT121,11:00,16:00
CT122,11:00,16:00
CT123,11:00,16:00
CT124,11:00,16:00
CT125,11:00,16:00
CT126,11:00,16:00
CT127,11:00,16:00
CT128,11:00,16:00
CT129,11:00,16:00
CT130,11:00,16:00
CT131,11:00,16:00
CT132,11:00,16:00
CT133,11:00,16:00
CT134,11:00,16:00
CT135,11:00,16:00
CT136,11:00,16:00
CT137,11:00,16:00
CT138,11:00,16:00
CT139,11:00,16:00
CT140,11:00,16:00
CT141,11:00,16:00
CT142,11:00,16:00
CT143,11:00,16:00
CT144,11:00,16:00
CT145,11:00,16:00
CT146,11:00,16:00
CT147,11:00,16:00
CT148,11:00,16:00
CT149,11:00,16:00
CT150,11:00,16:00
CT151,11:00,16:00
CT152,11:00,16:00
CT153,11:00,16:00
CT154,11:00,16:00
CT155,11:00,16:00
CT156,11:00,16:00
CT157,11:00,16:00
CT158,11:00,16:00
CT159,11:00,16:00
CT160,11:00,16:00
CT161,11:00,16:00
CT162,11:00,16:00
CT163,11:00,16:00
CT164,11:00,16:00
CT165,11:00,16:00
CT166,11:00,16:00
CT167,11:00,16:00
CT168,11:00,16:00
CT169,11:00,16:00
CT170,11:00,16:00
CT171,11:00,16:00
CT172,11:00,16:00
CT173,11:00,16:00
CT174,11:00,16:00
CT175,11:00,16:00
CT176,11:00,16:00
CT177,11:00,16:00
CT178,11:00,16:00
CT179,11:00,16:00
CT180,11:00,16:00
CT181,11:00,16:00
CT182,11:00,16:00
CT183,11:00,16:00
CT184,11:00,16:00
CT185,11:00,16:00
CT186,11:00,16:00
CT187,11:00,16:00
CT188,11:00,16:00
CT189,11:00,16:00
CT190,11:00,16:00
CT191,11:00,16:00
CT192,11:00,16:00
CT193,11:00,16:00
CT194,11:00,16:00
CT195,11:00,16:00
CT196,11:00,16:00
CT197,11:00,16:00
CT198,11:00,16:00
CT199,11:00,16:00
CT200,11:00,16:00
CT201,11:00,16:00
CT202,11:00,16:00
CT203,11:00,16:00
CT204,11:00,16:00
CT205,11:00,16:00
CT206,11:00,16:00
CT207,11:00,16:00
CT208,11:00,16:00
CT209,11:00,16:00
CT210,11:00,16:00
CT211,11:00,16:00
CT212,11:00,16:00
CT213,11:00,16:00
CT214,11:00,16:00
CT215,11:00,16:00
CT216,12:00,17:00
CT217,12:00,17:00
CT218,12:00,17:00
CT219,12:00,17:00
CT220,12:00,17:00
CT221,12:00,17:00
CT222,12:00,17:00
CT223,12:00,17:00
CT224,12:00,17:00
CT225,12:00,17:00
CT226,12:00,17:00
CT227,12:00,17:00
CT228,12:00,17:00
CT229,12:00,17:00
CT230,12:00,17:00
CT231,12:00,17:00
CT232,12:00,17:00
CT233,12:00,17:00
CT234,12:00,17:00
CT235,12:00,17:00
CT236,12:00,17:00
CT237,12:00,17:00
CT238,12:00,17:00
CT239,12:00,17:00
CT240,12:00,17:00
CT241,12:00,17:00
CT242,12:00,17:00
CT243,12:00,17:00
CT244,12:00,17:00
CT245,12:00,17:00
CT246,12:00,17:00
CT247,12:00,17:00
CT248,12:00,17:00
CT249,12:00,17:00
CT250,12:00,17:00
CT251,12:00,17:00
CT252,12:00,17:00
CT253,12:00,17:00
CT254,12:00,17:00
CT255,12:00,17:00
CT256,12:00,17:00
CT257,12:00,17:00
CT258,12:00,17:00
CT259,12:00,17:00
CT260,12:00,17:00
CT261,12:00,17:00
CT262,12:00,17:00
CT263,12:00,17:00
CT264,12:00,17:00
CT265,12:00,17:00
CT266,12:00,17:00
CT267,12:00,17:00
CT268,12:00,17:00
CT269,12:00,17:00
CT270,12:00,17:00
CT271,12:00,17:00
CT272,12:00,17:00
CT273,12:00,17:00
CT274,12:00,17:00
CT275,12:00,17:00
CT276,12:00,17:00
CT277,12:00,17:00
CT278,12:00,17:00
CT279,12:00,17:00
CT280,12:00,17:00
CT281,12:00,17:00
CT282,12:00,17:00
CT283,12:00,17:00
CT284,12:00,17:00
CT285,12:00,17:00
CT286,12:00,17:00
CT287,12:00,17:00
CT288,12:00,17:00
CT289,12:00,17:00
CT290,12:00,17:00
CT291,12:00,17:00
CT292,12:00,17:00
CT293,12:00,17:00
CT294,12:00,17:00
CT295,12:00,17:00
CT296,12:00,17:00
CT297,12:00,17:00
CT298,12:00,17:00
CT299,12:00,17:00
CT300,12:00,17:00
CT301,12:00,17:00
CT302,12:00,17:00
CT303,12:00,17:00
CT304,12:00,17:00
CT305,12:00,17:00
CT306,12:00,17:00
CT307,12:00,17:00
CT308,12:00,17:00
CT309,12:00,17:00
CT310,12:00,17:00
CT311,12:00,17:00
CT312,12:00,17:00
CT313,12:00,17:00
CT314,12:00,17:00
CT315,12:00,17:00
CT316,12:00,17:00
CT317,12:00,17:00
CT318,12:00,17:00
CT319,12:00,17:00
CT320,12:00,17:00
CT321,12:00,17:00
CT322,12:00,17:00
CT323,12:00,17:00
CT324,12:00,17:00