INSERT INTO Quinta (Designacao) VALUES ('Quinta do Ângelo');
INSERT INTO CadernoDeCampo (QuintaID) VALUES ((SELECT ID FROM Quinta WHERE Designacao LIKE 'Quinta do Ângelo'));
INSERT INTO Cultura (NomeComum, Variedade, Especie, TipoCultura, Sementeira, Poda, Floracao, Colheita) VALUES ('Ameixoeira', 'RAINHA CLAUDIA CARANGUEJEIRA', 'Prunus domestica', 'Permanente', NULL, 'Novembro a dezembro', 'Fevereiro a março', 'Julho a agosto');
INSERT INTO Cultura (NomeComum, Variedade, Especie, TipoCultura, Sementeira, Poda, Floracao, Colheita) VALUES ('Ameixoeira', 'PRESIDENT', 'Prunus domestica', 'Permanente', NULL, 'Novembro a dezembro', 'Fevereiro a março', 'Julho a agosto');
INSERT INTO Cultura (NomeComum, Variedade, Especie, TipoCultura, Sementeira, Poda, Floracao, Colheita) VALUES ('Ameixoeira', 'STANLEY', 'Prunus domestica', 'Permanente', NULL, 'Novembro a dezembro', 'Fevereiro a março', 'Julho a agosto');
INSERT INTO Cultura (NomeComum, Variedade, Especie, TipoCultura, Sementeira, Poda, Floracao, Colheita) VALUES ('Ameixoeira', 'ANGELENO', 'Prunus domestica', 'Permanente', NULL, 'Novembro a dezembro', 'Fevereiro a março', 'Julho a agosto');
INSERT INTO Cultura (NomeComum, Variedade, Especie, TipoCultura, Sementeira, Poda, Floracao, Colheita) VALUES ('Ameixoeira', 'BLACK BEAUTY', 'Prunus domestica', 'Permanente', NULL, 'Novembro a dezembro', 'Fevereiro a março', 'Julho a agosto');
INSERT INTO Cultura (NomeComum, Variedade, Especie, TipoCultura, Sementeira, Poda, Floracao, Colheita) VALUES ('Ameixoeira', 'BLACK STAR', 'Prunus domestica', 'Permanente', NULL, 'Novembro a dezembro', 'Fevereiro a março', 'Julho a agosto');
INSERT INTO Cultura (NomeComum, Variedade, Especie, TipoCultura, Sementeira, Poda, Floracao, Colheita) VALUES ('Ameixoeira', 'BLACK GOLD', 'Prunus domestica', 'Permanente', NULL, 'Novembro a dezembro', 'Fevereiro a março', 'Julho a agosto');
INSERT INTO Cultura (NomeComum, Variedade, Especie, TipoCultura, Sementeira, Poda, Floracao, Colheita) VALUES ('Ameixoeira', 'BLACK DIAMOND', 'Prunus domestica', 'Permanente', NULL, 'Novembro a dezembro', 'Fevereiro a março', 'Julho a agosto');
INSERT INTO Cultura (NomeComum, Variedade, Especie, TipoCultura, Sementeira, Poda, Floracao, Colheita) VALUES ('Ameixoeira', 'BLACK AMBER', 'Prunus domestica', 'Permanente', NULL, 'Novembro a dezembro', 'Fevereiro a março', 'Julho a agosto');
INSERT INTO Cultura (NomeComum, Variedade, Especie, TipoCultura, Sementeira, Poda, Floracao, Colheita) VALUES ('Ameixoeira', 'BLACK SPLENDOR', 'Prunus domestica', 'Permanente', NULL, 'Novembro a dezembro', 'Fevereiro a março', 'Julho a agosto');
INSERT INTO Cultura (NomeComum, Variedade, Especie, TipoCultura, Sementeira, Poda, Floracao, Colheita) VALUES ('Ameixoeira', 'FORTUNA', 'Prunus domestica', 'Permanente', NULL, 'Novembro a dezembro', 'Fevereiro a março', 'Julho a agosto');
INSERT INTO Cultura (NomeComum, Variedade, Especie, TipoCultura, Sementeira, Poda, Floracao, Colheita) VALUES ('Ameixoeira', 'FRIAR', 'Prunus domestica', 'Permanente', NULL, 'Novembro a dezembro', 'Fevereiro a março', 'Julho a agosto');
INSERT INTO Cultura (NomeComum, Variedade, Especie, TipoCultura, Sementeira, Poda, Floracao, Colheita) VALUES ('Ameixoeira', 'EL DORADO', 'Prunus domestica', 'Permanente', NULL, 'Novembro a dezembro', 'Fevereiro a março', 'Julho a agosto');
INSERT INTO Cultura (NomeComum, Variedade, Especie, TipoCultura, Sementeira, Poda, Floracao, Colheita) VALUES ('Ameixoeira', 'ELEPHANT HEART', 'Prunus domestica', 'Permanente', NULL, 'Novembro a dezembro', 'Fevereiro a março', 'Julho a agosto');
INSERT INTO Cultura (NomeComum, Variedade, Especie, TipoCultura, Sementeira, Poda, Floracao, Colheita) VALUES ('Ameixoeira', 'GOLDEN JAPAN', 'Prunus domestica', 'Permanente', NULL, 'Novembro a dezembro', 'Fevereiro a março', 'Julho a agosto');
INSERT INTO Cultura (NomeComum, Variedade, Especie, TipoCultura, Sementeira, Poda, Floracao, Colheita) VALUES ('Ameixoeira', 'HARRY PITCHON', 'Prunus domestica', 'Permanente', NULL, 'Novembro a dezembro', 'Fevereiro a março', 'Julho a agosto');
INSERT INTO Cultura (NomeComum, Variedade, Especie, TipoCultura, Sementeira, Poda, Floracao, Colheita) VALUES ('Ameixoeira', 'LAETITIA', 'Prunus domestica', 'Permanente', NULL, 'Novembro a dezembro', 'Fevereiro a março', 'Julho a agosto');
INSERT INTO Cultura (NomeComum, Variedade, Especie, TipoCultura, Sementeira, Poda, Floracao, Colheita) VALUES ('Ameixoeira', 'METLEY', 'Prunus domestica', 'Permanente', NULL, 'Novembro a dezembro', 'Fevereiro a março', 'Julho a agosto');
INSERT INTO Cultura (NomeComum, Variedade, Especie, TipoCultura, Sementeira, Poda, Floracao, Colheita) VALUES ('Ameixoeira', 'MIRABELLE DE NANCY', 'Prunus domestica', 'Permanente', NULL, 'Novembro a dezembro', 'Fevereiro a março', 'Julho a agosto');
INSERT INTO Cultura (NomeComum, Variedade, Especie, TipoCultura, Sementeira, Poda, Floracao, Colheita) VALUES ('Ameixoeira', 'QUEEN ROSE', 'Prunus domestica', 'Permanente', NULL, 'Novembro a dezembro', 'Fevereiro a março', 'Julho a agosto');
INSERT INTO Cultura (NomeComum, Variedade, Especie, TipoCultura, Sementeira, Poda, Floracao, Colheita) VALUES ('Ameixoeira', 'RED BEAUT', 'Prunus domestica', 'Permanente', NULL, 'Novembro a dezembro', 'Fevereiro a março', 'Julho a agosto');
INSERT INTO Cultura (NomeComum, Variedade, Especie, TipoCultura, Sementeira, Poda, Floracao, Colheita) VALUES ('Ameixoeira', 'SANTA ROSA', 'Prunus domestica', 'Permanente', NULL, 'Novembro a dezembro', 'Fevereiro a março', 'Julho a agosto');
INSERT INTO Cultura (NomeComum, Variedade, Especie, TipoCultura, Sementeira, Poda, Floracao, Colheita) VALUES ('Ameixoeira', 'SHIRO', 'Prunus domestica', 'Permanente', NULL, 'Novembro a dezembro', 'Fevereiro a março', 'Julho a agosto');
INSERT INTO Cultura (NomeComum, Variedade, Especie, TipoCultura, Sementeira, Poda, Floracao, Colheita) VALUES ('Ameixoeira', 'SUNGOLD', 'Prunus domestica', 'Permanente', NULL, 'Novembro a dezembro', 'Fevereiro a março', 'Julho a agosto');
INSERT INTO Cultura (NomeComum, Variedade, Especie, TipoCultura, Sementeira, Poda, Floracao, Colheita) VALUES ('Ameixoeira', 'WILSON PERFECTION', 'Prunus domestica', 'Permanente', NULL, 'Novembro a dezembro', 'Fevereiro a março', 'Julho a agosto');
INSERT INTO Cultura (NomeComum, Variedade, Especie, TipoCultura, Sementeira, Poda, Floracao, Colheita) VALUES ('Ameixoeira', 'AUTUMN GIANT', 'Prunus domestica', 'Permanente', NULL, 'Novembro a dezembro', 'Fevereiro a março', 'Julho a agosto');
INSERT INTO Cultura (NomeComum, Variedade, Especie, TipoCultura, Sementeira, Poda, Floracao, Colheita) VALUES ('Damasqueiro', 'BULIDA', 'Prunus armeniaca', 'Permanente', NULL, 'Novembro a dezembro', 'Fevereiro a março', 'Julho a agosto');
INSERT INTO Cultura (NomeComum, Variedade, Especie, TipoCultura, Sementeira, Poda, Floracao, Colheita) VALUES ('Damasqueiro', 'CANINO', 'Prunus armeniaca', 'Permanente', NULL, 'Novembro a dezembro', 'Fevereiro a março', 'Julho a agosto');
INSERT INTO Cultura (NomeComum, Variedade, Especie, TipoCultura, Sementeira, Poda, Floracao, Colheita) VALUES ('Damasqueiro', 'LIABAUD', 'Prunus armeniaca', 'Permanente', NULL, 'Novembro a dezembro', 'Fevereiro a março', 'Julho a agosto');
INSERT INTO Cultura (NomeComum, Variedade, Especie, TipoCultura, Sementeira, Poda, Floracao, Colheita) VALUES ('Damasqueiro', 'MAILLOT JAUNE', 'Prunus armeniaca', 'Permanente', NULL, 'Novembro a dezembro', 'Fevereiro a março', 'Julho a agosto');
INSERT INTO Cultura (NomeComum, Variedade, Especie, TipoCultura, Sementeira, Poda, Floracao, Colheita) VALUES ('Damasqueiro', 'POLONAIS', 'Prunus armeniaca', 'Permanente', NULL, 'Novembro a dezembro', 'Fevereiro a março', 'Julho a agosto');
INSERT INTO Cultura (NomeComum, Variedade, Especie, TipoCultura, Sementeira, Poda, Floracao, Colheita) VALUES ('Macieira', 'AKANE', 'Malus domestica', 'Permanente', NULL, 'Novembro a dezembro', 'Março a abril', 'Agosto a setembro');
INSERT INTO Cultura (NomeComum, Variedade, Especie, TipoCultura, Sementeira, Poda, Floracao, Colheita) VALUES ('Macieira', 'BELGOLDEN', 'Malus domestica', 'Permanente', NULL, 'Novembro a dezembro', 'Março a abril', 'Agosto a setembro');
INSERT INTO Cultura (NomeComum, Variedade, Especie, TipoCultura, Sementeira, Poda, Floracao, Colheita) VALUES ('Macieira', 'BRAVO DE ESMOLFE', 'Malus domestica', 'Permanente', NULL, 'Novembro a dezembro', 'Março a abril', 'Agosto a setembro');
INSERT INTO Cultura (NomeComum, Variedade, Especie, TipoCultura, Sementeira, Poda, Floracao, Colheita) VALUES ('Macieira', 'CASA NOVA DE ALCOBAÇA', 'Malus domestica', 'Permanente', NULL, 'Novembro a dezembro', 'Março a abril', 'Agosto a setembro');
INSERT INTO Cultura (NomeComum, Variedade, Especie, TipoCultura, Sementeira, Poda, Floracao, Colheita) VALUES ('Macieira', 'EROVAN', 'Malus domestica', 'Permanente', NULL, 'Novembro a dezembro', 'Março a abril', 'Agosto a setembro');
INSERT INTO Cultura (NomeComum, Variedade, Especie, TipoCultura, Sementeira, Poda, Floracao, Colheita) VALUES ('Macieira', 'FUJI', 'Malus domestica', 'Permanente', NULL, 'Novembro a dezembro', 'Março a abril', 'Agosto a setembro');
INSERT INTO Cultura (NomeComum, Variedade, Especie, TipoCultura, Sementeira, Poda, Floracao, Colheita) VALUES ('Macieira', 'GRANNY SMITH', 'Malus domestica', 'Permanente', NULL, 'Novembro a dezembro', 'Março a abril', 'Agosto a setembro');
INSERT INTO Cultura (NomeComum, Variedade, Especie, TipoCultura, Sementeira, Poda, Floracao, Colheita) VALUES ('Macieira', 'GOLDEN DELICIOUS', 'Malus domestica', 'Permanente', NULL, 'Novembro a dezembro', 'Março a abril', 'Agosto a setembro');
INSERT INTO Cultura (NomeComum, Variedade, Especie, TipoCultura, Sementeira, Poda, Floracao, Colheita) VALUES ('Macieira', 'HI-EARLY', 'Malus domestica', 'Permanente', NULL, 'Novembro a dezembro', 'Março a abril', 'Agosto a setembro');
INSERT INTO Cultura (NomeComum, Variedade, Especie, TipoCultura, Sementeira, Poda, Floracao, Colheita) VALUES ('Macieira', 'JONAGORED', 'Malus domestica', 'Permanente', NULL, 'Novembro a dezembro', 'Março a abril', 'Agosto a setembro');
INSERT INTO Cultura (NomeComum, Variedade, Especie, TipoCultura, Sementeira, Poda, Floracao, Colheita) VALUES ('Macieira', 'LYSGOLDEN', 'Malus domestica', 'Permanente', NULL, 'Novembro a dezembro', 'Março a abril', 'Agosto a setembro');
INSERT INTO Cultura (NomeComum, Variedade, Especie, TipoCultura, Sementeira, Poda, Floracao, Colheita) VALUES ('Macieira', 'MUTSU', 'Malus domestica', 'Permanente', NULL, 'Novembro a dezembro', 'Março a abril', 'Agosto a setembro');
INSERT INTO Cultura (NomeComum, Variedade, Especie, TipoCultura, Sementeira, Poda, Floracao, Colheita) VALUES ('Macieira', 'PORTA DA LOJA', 'Malus domestica', 'Permanente', NULL, 'Janeiro', 'Abril a maio', 'Novembro a dezembro');
INSERT INTO Cultura (NomeComum, Variedade, Especie, TipoCultura, Sementeira, Poda, Floracao, Colheita) VALUES ('Macieira', 'REINETTE OU CANADA', 'Malus domestica', 'Permanente', NULL, 'Novembro a dezembro', 'Março a abril', 'Agosto a setembro');
INSERT INTO Cultura (NomeComum, Variedade, Especie, TipoCultura, Sementeira, Poda, Floracao, Colheita) VALUES ('Macieira', 'REINETTE OU GRAND FAY', 'Malus domestica', 'Permanente', NULL, 'Novembro a dezembro', 'Março a abril', 'Agosto a setembro');
INSERT INTO Cultura (NomeComum, Variedade, Especie, TipoCultura, Sementeira, Poda, Floracao, Colheita) VALUES ('Macieira', 'RISCADINHA DE PALMELA', 'Malus domestica', 'Permanente', NULL, 'Novembro a dezembro', 'Março a abril', 'Agosto a setembro');
INSERT INTO Cultura (NomeComum, Variedade, Especie, TipoCultura, Sementeira, Poda, Floracao, Colheita) VALUES ('Macieira', 'ROYAL GALA', 'Malus domestica', 'Permanente', NULL, 'Novembro a dezembro', 'Março a abril', 'Agosto a setembro');
INSERT INTO Cultura (NomeComum, Variedade, Especie, TipoCultura, Sementeira, Poda, Floracao, Colheita) VALUES ('Macieira', 'REDCHIEF', 'Malus domestica', 'Permanente', NULL, 'Novembro a dezembro', 'Março a abril', 'Agosto a setembro');
INSERT INTO Cultura (NomeComum, Variedade, Especie, TipoCultura, Sementeira, Poda, Floracao, Colheita) VALUES ('Macieira', 'STARKING', 'Malus domestica', 'Permanente', NULL, 'Novembro a dezembro', 'Março a abril', 'Agosto a setembro');
INSERT INTO Cultura (NomeComum, Variedade, Especie, TipoCultura, Sementeira, Poda, Floracao, Colheita) VALUES ('Macieira', 'SUMMER RED', 'Malus domestica', 'Permanente', NULL, 'Novembro a dezembro', 'Março a abril', 'Agosto a setembro');
INSERT INTO Cultura (NomeComum, Variedade, Especie, TipoCultura, Sementeira, Poda, Floracao, Colheita) VALUES ('Macieira', 'WELL''SPUR DELICIOUS', 'Malus domestica', 'Permanente', NULL, 'Novembro a dezembro', 'Março a abril', 'Agosto a setembro');
INSERT INTO Cultura (NomeComum, Variedade, Especie, TipoCultura, Sementeira, Poda, Floracao, Colheita) VALUES ('Macieira', 'NOIVA', 'Malus domestica', 'Permanente', NULL, 'Novembro a dezembro', 'Março a abril', 'Agosto a setembro');
INSERT INTO Cultura (NomeComum, Variedade, Especie, TipoCultura, Sementeira, Poda, Floracao, Colheita) VALUES ('Macieira', 'OLHO ABERTO', 'Malus domestica', 'Permanente', NULL, 'Novembro a dezembro', 'Março a abril', 'Agosto a setembro');
INSERT INTO Cultura (NomeComum, Variedade, Especie, TipoCultura, Sementeira, Poda, Floracao, Colheita) VALUES ('Macieira', 'CAMOESA ROSA', 'Malus domestica', 'Permanente', NULL, 'Novembro a dezembro', 'Março a abril', 'Agosto a setembro');
INSERT INTO Cultura (NomeComum, Variedade, Especie, TipoCultura, Sementeira, Poda, Floracao, Colheita) VALUES ('Macieira', 'MALÁPIO', 'Malus domestica', 'Permanente', NULL, 'Novembro a dezembro', 'Março a abril', 'Agosto a setembro');
INSERT INTO Cultura (NomeComum, Variedade, Especie, TipoCultura, Sementeira, Poda, Floracao, Colheita) VALUES ('Macieira', 'GRONHO DOCE', 'Malus domestica', 'Permanente', NULL, 'Novembro a dezembro', 'Março a abril', 'Agosto a setembro');
INSERT INTO Cultura (NomeComum, Variedade, Especie, TipoCultura, Sementeira, Poda, Floracao, Colheita) VALUES ('Macieira', 'PÉ DE BOI', 'Malus domestica', 'Permanente', NULL, 'Novembro a dezembro', 'Março a abril', 'Agosto a setembro');
INSERT INTO Cultura (NomeComum, Variedade, Especie, TipoCultura, Sementeira, Poda, Floracao, Colheita) VALUES ('Macieira', 'PINOVA', 'Malus domestica', 'Permanente', NULL, 'Novembro a dezembro', 'Março a abril', 'Agosto a setembro');
INSERT INTO Cultura (NomeComum, Variedade, Especie, TipoCultura, Sementeira, Poda, Floracao, Colheita) VALUES ('Macieira', 'PARDO LINDO', 'Malus domestica', 'Permanente', NULL, 'Novembro a dezembro', 'Março a abril', 'Agosto a setembro');
INSERT INTO Cultura (NomeComum, Variedade, Especie, TipoCultura, Sementeira, Poda, Floracao, Colheita) VALUES ('Macieira', 'PIPO DE BASTO', 'Malus domestica', 'Permanente', NULL, 'Novembro a dezembro', 'Março a abril', 'Agosto a setembro');
INSERT INTO Cultura (NomeComum, Variedade, Especie, TipoCultura, Sementeira, Poda, Floracao, Colheita) VALUES ('Macieira', 'PRIMA', 'Malus domestica', 'Permanente', NULL, 'Novembro a dezembro', 'Março a abril', 'Agosto a setembro');
INSERT INTO Cultura (NomeComum, Variedade, Especie, TipoCultura, Sementeira, Poda, Floracao, Colheita) VALUES ('Macieira', 'QUERINA', 'Malus domestica', 'Permanente', NULL, 'Novembro a dezembro', 'Março a abril', 'Agosto a setembro');
INSERT INTO Cultura (NomeComum, Variedade, Especie, TipoCultura, Sementeira, Poda, Floracao, Colheita) VALUES ('Macieira', 'VISTA BELLA', 'Malus domestica', 'Permanente', NULL, 'Novembro a dezembro', 'Março a abril', 'Agosto a setembro');
INSERT INTO Cultura (NomeComum, Variedade, Especie, TipoCultura, Sementeira, Poda, Floracao, Colheita) VALUES ('Macieira', 'GOLDEN SMOOTHEE', 'Malus domestica', 'Permanente', NULL, 'Novembro a dezembro', 'Março a abril', 'Agosto a setembro');
INSERT INTO Cultura (NomeComum, Variedade, Especie, TipoCultura, Sementeira, Poda, Floracao, Colheita) VALUES ('Macieira', 'GOLDEN SUPREMA', 'Malus domestica', 'Permanente', NULL, 'Novembro a dezembro', 'Março a abril', 'Agosto a setembro');
INSERT INTO Cultura (NomeComum, Variedade, Especie, TipoCultura, Sementeira, Poda, Floracao, Colheita) VALUES ('Macieira', 'GLOSTER 69', 'Malus domestica', 'Permanente', NULL, 'Novembro a dezembro', 'Março a abril', 'Agosto a setembro');
INSERT INTO Cultura (NomeComum, Variedade, Especie, TipoCultura, Sementeira, Poda, Floracao, Colheita) VALUES ('Macieira', 'FREEDOM', 'Malus domestica', 'Permanente', NULL, 'Novembro a dezembro', 'Março a abril', 'Agosto a setembro');
INSERT INTO Cultura (NomeComum, Variedade, Especie, TipoCultura, Sementeira, Poda, Floracao, Colheita) VALUES ('Pera Nashi', 'SNINSEIKI', 'Pyrus pyrifolia', 'Permanente', NULL, NULL, NULL, NULL);
INSERT INTO Cultura (NomeComum, Variedade, Especie, TipoCultura, Sementeira, Poda, Floracao, Colheita) VALUES ('Pera Nashi', 'KUMOI', 'Pyrus pyrifolia', 'Permanente', NULL, NULL, NULL, NULL);
INSERT INTO Cultura (NomeComum, Variedade, Especie, TipoCultura, Sementeira, Poda, Floracao, Colheita) VALUES ('Pera Nashi', 'HOSUI', 'Pyrus pyrifolia', 'Permanente', NULL, NULL, NULL, NULL);
INSERT INTO Cultura (NomeComum, Variedade, Especie, TipoCultura, Sementeira, Poda, Floracao, Colheita) VALUES ('Pera Nashi', 'NIJISSEIKI', 'Pyrus pyrifolia', 'Permanente', NULL, NULL, NULL, NULL);
INSERT INTO Cultura (NomeComum, Variedade, Especie, TipoCultura, Sementeira, Poda, Floracao, Colheita) VALUES ('Cenoura', 'Carson Hybrid', 'Daucus carota subsp. Sativus', 'Temporária', NULL, NULL, NULL, '80 dias');
INSERT INTO Cultura (NomeComum, Variedade, Especie, TipoCultura, Sementeira, Poda, Floracao, Colheita) VALUES ('Cenoura', 'Red Cored Chantenay', 'Daucus carota subsp. Sativus', 'Temporária', NULL, NULL, NULL, '80 dias');
INSERT INTO Cultura (NomeComum, Variedade, Especie, TipoCultura, Sementeira, Poda, Floracao, Colheita) VALUES ('Cenoura', 'Danvers Half Long', 'Daucus carota subsp. Sativus', 'Temporária', NULL, NULL, NULL, '80 dias');
INSERT INTO Cultura (NomeComum, Variedade, Especie, TipoCultura, Sementeira, Poda, Floracao, Colheita) VALUES ('Cenoura', 'Imperator 58', 'Daucus carota subsp. Sativus', 'Temporária', NULL, NULL, NULL, '80 dias');
INSERT INTO Cultura (NomeComum, Variedade, Especie, TipoCultura, Sementeira, Poda, Floracao, Colheita) VALUES ('Cenoura', 'Sugarsnax Hybrid', 'Daucus carota subsp. Sativus', 'Temporária', NULL, NULL, NULL, '80 dias');
INSERT INTO Cultura (NomeComum, Variedade, Especie, TipoCultura, Sementeira, Poda, Floracao, Colheita) VALUES ('Cenoura', 'Nelson Hybrid', 'Daucus carota subsp. Sativus', 'Temporária', NULL, NULL, NULL, '80 dias');
INSERT INTO Cultura (NomeComum, Variedade, Especie, TipoCultura, Sementeira, Poda, Floracao, Colheita) VALUES ('Cenoura', 'Scarlet Nantes', 'Daucus carota subsp. Sativus', 'Temporária', NULL, NULL, NULL, '80 dias');
INSERT INTO Cultura (NomeComum, Variedade, Especie, TipoCultura, Sementeira, Poda, Floracao, Colheita) VALUES ('Tremoço', 'Amarelo', 'Lupinus luteus', 'Temporária', NULL, NULL, NULL, NULL);
INSERT INTO Cultura (NomeComum, Variedade, Especie, TipoCultura, Sementeira, Poda, Floracao, Colheita) VALUES ('Tremoço', 'Branco', 'Lupinus albus', 'Temporária', NULL, NULL, NULL, NULL);
INSERT INTO Cultura (NomeComum, Variedade, Especie, TipoCultura, Sementeira, Poda, Floracao, Colheita) VALUES ('Milho', 'MAS 24.C', 'Zea mays', 'Temporária', 'Abril a junho', NULL, NULL, 'Julho a setembro');
INSERT INTO Cultura (NomeComum, Variedade, Especie, TipoCultura, Sementeira, Poda, Floracao, Colheita) VALUES ('Milho', 'Doce Golden Bantam', 'Zea mays', 'Temporária', 'Abril a junho', NULL, NULL, 'Julho a setembro');
INSERT INTO Cultura (NomeComum, Variedade, Especie, TipoCultura, Sementeira, Poda, Floracao, Colheita) VALUES ('Nabo greleiro', 'Senhora Conceição', 'Brassica rapa', 'Temporária', 'Março a setembro', NULL, NULL, 'Junho a fevereiro');
INSERT INTO Cultura (NomeComum, Variedade, Especie, TipoCultura, Sementeira, Poda, Floracao, Colheita) VALUES ('Oliveira', 'COBRANÇOSA', 'Olea europaea', 'Permanente', NULL, NULL, NULL, 'Outubro a novembro');
INSERT INTO Cultura (NomeComum, Variedade, Especie, TipoCultura, Sementeira, Poda, Floracao, Colheita) VALUES ('Oliveira', 'ARBEQUINA', 'Olea europaea', 'Permanente', NULL, NULL, NULL, 'Outubro a novembro');
INSERT INTO Cultura (NomeComum, Variedade, Especie, TipoCultura, Sementeira, Poda, Floracao, Colheita) VALUES ('Oliveira', 'HOJIBLANCA', 'Olea europaea', 'Permanente', NULL, NULL, NULL, 'Outubro a novembro');
INSERT INTO Cultura (NomeComum, Variedade, Especie, TipoCultura, Sementeira, Poda, Floracao, Colheita) VALUES ('Oliveira', 'NEGRINHA DO FREIXO', 'Olea europaea', 'Permanente', NULL, NULL, NULL, 'Outubro a novembro');
INSERT INTO Cultura (NomeComum, Variedade, Especie, TipoCultura, Sementeira, Poda, Floracao, Colheita) VALUES ('Oliveira', 'PICUAL', 'Olea europaea', 'Permanente', NULL, NULL, NULL, 'Outubro a novembro');
INSERT INTO Cultura (NomeComum, Variedade, Especie, TipoCultura, Sementeira, Poda, Floracao, Colheita) VALUES ('Oliveira', 'MAÇANILHA', 'Olea europaea', 'Permanente', NULL, NULL, NULL, 'Outubro a novembro');
INSERT INTO Cultura (NomeComum, Variedade, Especie, TipoCultura, Sementeira, Poda, Floracao, Colheita) VALUES ('Oliveira', 'CONSERVA DE ELVAS', 'Olea europaea', 'Permanente', NULL, NULL, NULL, 'Outubro a novembro');
INSERT INTO Cultura (NomeComum, Variedade, Especie, TipoCultura, Sementeira, Poda, Floracao, Colheita) VALUES ('Oliveira', 'Galega', 'Olea europaea', 'Permanente', NULL, NULL, NULL, 'Outubro a novembro');
INSERT INTO FatorDeProducao (Designacao, Fabricante, Formato, TipoProduto) VALUES ('Calda Bordalesa ASCENZA', 'ASCENZA', 'Pó molhável', 'Fitofármaco');
INSERT INTO FatorDeProducao (Designacao, Fabricante, Formato, TipoProduto) VALUES ('Enxofre Bayer 80 WG', 'Bayer', 'Pó molhável', 'Fitofármaco');
INSERT INTO FatorDeProducao (Designacao, Fabricante, Formato, TipoProduto) VALUES ('Patentkali', 'K+S', 'Granulado', 'Adubo');
INSERT INTO FatorDeProducao (Designacao, Fabricante, Formato, TipoProduto) VALUES ('ESTA Kieserit', 'K+S', 'Granulado', 'Adubo');
INSERT INTO FatorDeProducao (Designacao, Fabricante, Formato, TipoProduto) VALUES ('EPSO Microtop', 'K+S', 'Granulado', 'Adubo');
INSERT INTO FatorDeProducao (Designacao, Fabricante, Formato, TipoProduto) VALUES ('EPSO Top', 'K+S', 'Granulado', 'Adubo');
INSERT INTO FatorDeProducao (Designacao, Fabricante, Formato, TipoProduto) VALUES ('Biocal CaCo3', 'Biocal', 'Granulado', 'Corretor');
INSERT INTO FatorDeProducao (Designacao, Fabricante, Formato, TipoProduto) VALUES ('Biocal Composto', 'Biocal', 'Pó', 'Corretor');
INSERT INTO Parcela (ID, Designacao, Area, QuintaID) VALUES (101, 'Campo da bouça', 1.2, (SELECT ID FROM Quinta WHERE UPPER(Designacao) LIKE 'QUINTA DO ÂNGELO'));
INSERT INTO Parcela (ID, Designacao, Area, QuintaID) VALUES (102, 'Campo grande', 3, (SELECT ID FROM Quinta WHERE UPPER(Designacao) LIKE 'QUINTA DO ÂNGELO'));
INSERT INTO Parcela (ID, Designacao, Area, QuintaID) VALUES (103, 'Campo do poço', 1.5, (SELECT ID FROM Quinta WHERE UPPER(Designacao) LIKE 'QUINTA DO ÂNGELO'));
INSERT INTO Parcela (ID, Designacao, Area, QuintaID) VALUES (104, 'Lameiro da ponte', 0.8, (SELECT ID FROM Quinta WHERE UPPER(Designacao) LIKE 'QUINTA DO ÂNGELO'));
INSERT INTO Parcela (ID, Designacao, Area, QuintaID) VALUES (105, 'Lameiro do moinho', 1.1, (SELECT ID FROM Quinta WHERE UPPER(Designacao) LIKE 'QUINTA DO ÂNGELO'));
INSERT INTO Parcela (ID, Designacao, Area, QuintaID) VALUES (106, 'Horta', 0.1, (SELECT ID FROM Quinta WHERE UPPER(Designacao) LIKE 'QUINTA DO ÂNGELO'));
INSERT INTO TipoEdificio (Designacao) VALUES ('Armazém');
INSERT INTO Edificio (ID, Designacao, Area, Unidade, QuintaID, TipoEdificioDesignacao) VALUES (201, 'Espigueiro', 600, 'm2', (SELECT ID FROM Quinta WHERE UPPER(Designacao) LIKE 'QUINTA DO ÂNGELO'), (SELECT Designacao FROM TipoEdificio WHERE UPPER(Designacao) LIKE UPPER('Armazém')));
INSERT INTO Edificio (ID, Designacao, Area, Unidade, QuintaID, TipoEdificioDesignacao) VALUES (202, 'Armazém novo', 800, 'm2', (SELECT ID FROM Quinta WHERE UPPER(Designacao) LIKE 'QUINTA DO ÂNGELO'), (SELECT Designacao FROM TipoEdificio WHERE UPPER(Designacao) LIKE UPPER('Armazém')));
INSERT INTO TipoEdificio (Designacao) VALUES ('Garagem');
INSERT INTO Edificio (ID, Designacao, Area, Unidade, QuintaID, TipoEdificioDesignacao) VALUES (203, 'Armazém grande', 900, 'm2', (SELECT ID FROM Quinta WHERE UPPER(Designacao) LIKE 'QUINTA DO ÂNGELO'), (SELECT Designacao FROM TipoEdificio WHERE UPPER(Designacao) LIKE UPPER('Garagem')));
INSERT INTO TipoEdificio (Designacao) VALUES ('Moinho');
INSERT INTO Edificio (ID, Designacao, Area, Unidade, QuintaID, TipoEdificioDesignacao) VALUES (250, 'Moinho', NULL, NULL, (SELECT ID FROM Quinta WHERE UPPER(Designacao) LIKE 'QUINTA DO ÂNGELO'), (SELECT Designacao FROM TipoEdificio WHERE UPPER(Designacao) LIKE UPPER('Moinho')));
INSERT INTO TipoEdificio (Designacao) VALUES ('Rega');
INSERT INTO Edificio (ID, Designacao, Area, Unidade, QuintaID, TipoEdificioDesignacao) VALUES (301, 'Tanque do campo grande', 15, 'm3', (SELECT ID FROM Quinta WHERE UPPER(Designacao) LIKE 'QUINTA DO ÂNGELO'), (SELECT Designacao FROM TipoEdificio WHERE UPPER(Designacao) LIKE UPPER('Rega')));
INSERT INTO Plantacao (DataInicial, DataFinal, Quantidade, Unidade, ParcelaID, CulturaNomeComum, CulturaVariedade) VALUES (TO_DATE('10/06/2016', 'MM-DD-YYYY'), NULL, 30, 'un', 102, (SELECT NomeComum FROM Cultura WHERE UPPER(NomeComum || ' ' || Variedade) LIKE UPPER('Oliveira Galega')), (SELECT Variedade FROM Cultura WHERE UPPER(NomeComum || ' ' || Variedade) LIKE UPPER('Oliveira Galega')));
INSERT INTO Plantacao (DataInicial, DataFinal, Quantidade, Unidade, ParcelaID, CulturaNomeComum, CulturaVariedade) VALUES (TO_DATE('10/10/2016', 'MM-DD-YYYY'), NULL, 20, 'un', 102, (SELECT NomeComum FROM Cultura WHERE UPPER(NomeComum || ' ' || Variedade) LIKE UPPER('Oliveira Picual')), (SELECT Variedade FROM Cultura WHERE UPPER(NomeComum || ' ' || Variedade) LIKE UPPER('Oliveira Picual')));
INSERT INTO Plantacao (DataInicial, DataFinal, Quantidade, Unidade, ParcelaID, CulturaNomeComum, CulturaVariedade) VALUES (TO_DATE('01/07/2017', 'MM-DD-YYYY'), NULL, 90, 'un', 104, (SELECT NomeComum FROM Cultura WHERE UPPER(NomeComum || ' ' || Variedade) LIKE UPPER('Macieira Jonagored')), (SELECT Variedade FROM Cultura WHERE UPPER(NomeComum || ' ' || Variedade) LIKE UPPER('Macieira Jonagored')));
INSERT INTO Plantacao (DataInicial, DataFinal, Quantidade, Unidade, ParcelaID, CulturaNomeComum, CulturaVariedade) VALUES (TO_DATE('01/08/2017', 'MM-DD-YYYY'), NULL, 60, 'un', 104, (SELECT NomeComum FROM Cultura WHERE UPPER(NomeComum || ' ' || Variedade) LIKE UPPER('Macieira Fuji')), (SELECT Variedade FROM Cultura WHERE UPPER(NomeComum || ' ' || Variedade) LIKE UPPER('Macieira Fuji')));
INSERT INTO Plantacao (DataInicial, DataFinal, Quantidade, Unidade, ParcelaID, CulturaNomeComum, CulturaVariedade) VALUES (TO_DATE('01/08/2017', 'MM-DD-YYYY'), NULL, 40, 'un', 104, (SELECT NomeComum FROM Cultura WHERE UPPER(NomeComum || ' ' || Variedade) LIKE UPPER('Macieira Royal Gala')), (SELECT Variedade FROM Cultura WHERE UPPER(NomeComum || ' ' || Variedade) LIKE UPPER('Macieira Royal Gala')));
INSERT INTO Plantacao (DataInicial, DataFinal, Quantidade, Unidade, ParcelaID, CulturaNomeComum, CulturaVariedade) VALUES (TO_DATE('12/10/2018', 'MM-DD-YYYY'), NULL, 30, 'un', 104, (SELECT NomeComum FROM Cultura WHERE UPPER(NomeComum || ' ' || Variedade) LIKE UPPER('Macieira Royal Gala')), (SELECT Variedade FROM Cultura WHERE UPPER(NomeComum || ' ' || Variedade) LIKE UPPER('Macieira Royal Gala')));
INSERT INTO Plantacao (DataInicial, DataFinal, Quantidade, Unidade, ParcelaID, CulturaNomeComum, CulturaVariedade) VALUES (TO_DATE('10/10/2020', 'MM-DD-YYYY'), TO_DATE('03/30/2021', 'MM-DD-YYYY'), 1.1, 'ha', 101, (SELECT NomeComum FROM Cultura WHERE UPPER(NomeComum || ' ' || Variedade) LIKE UPPER('Tremoço Amarelo')), (SELECT Variedade FROM Cultura WHERE UPPER(NomeComum || ' ' || Variedade) LIKE UPPER('Tremoço Amarelo')));
INSERT INTO Plantacao (DataInicial, DataFinal, Quantidade, Unidade, ParcelaID, CulturaNomeComum, CulturaVariedade) VALUES (TO_DATE('04/10/2021', 'MM-DD-YYYY'), TO_DATE('08/12/2021', 'MM-DD-YYYY'), 0.9, 'ha', 101, (SELECT NomeComum FROM Cultura WHERE UPPER(NomeComum || ' ' || Variedade) LIKE UPPER('Milho Doce Golden Bantam')), (SELECT Variedade FROM Cultura WHERE UPPER(NomeComum || ' ' || Variedade) LIKE UPPER('Milho Doce Golden Bantam')));
INSERT INTO Plantacao (DataInicial, DataFinal, Quantidade, Unidade, ParcelaID, CulturaNomeComum, CulturaVariedade) VALUES (TO_DATE('04/15/2021', 'MM-DD-YYYY'), TO_DATE('08/21/2021', 'MM-DD-YYYY'), 0.9, 'ha', 101, (SELECT NomeComum FROM Cultura WHERE UPPER(NomeComum || ' ' || Variedade) LIKE UPPER('Milho Doce Golden Bantam')), (SELECT Variedade FROM Cultura WHERE UPPER(NomeComum || ' ' || Variedade) LIKE UPPER('Milho Doce Golden Bantam')));
INSERT INTO Plantacao (DataInicial, DataFinal, Quantidade, Unidade, ParcelaID, CulturaNomeComum, CulturaVariedade) VALUES (TO_DATE('10/03/2021', 'MM-DD-YYYY'), TO_DATE('04/05/2022', 'MM-DD-YYYY'), 1.1, 'ha', 101, (SELECT NomeComum FROM Cultura WHERE UPPER(NomeComum || ' ' || Variedade) LIKE UPPER('Tremoço Amarelo')), (SELECT Variedade FROM Cultura WHERE UPPER(NomeComum || ' ' || Variedade) LIKE UPPER('Tremoço Amarelo')));
INSERT INTO TipoOperacao (Designacao) VALUES ('Plantação');
INSERT INTO Operacao (Data, Quantidade, Unidade, PlantacaoID, CadernoDeCampoID, TipoOperacaoDesignacao) VALUES (TO_DATE('10/06/2016', 'MM-DD-YYYY'), 30, 'un', (SELECT ID FROM Plantacao WHERE ParcelaID LIKE 102 AND ROWNUM = 1), (SELECT ID FROM CadernoDeCampo WHERE QuintaID IN (SELECT ID FROM Quinta WHERE UPPER(Designacao) = 'QUINTA DO ÂNGELO')), (SELECT Designacao FROM TipoOperacao WHERE UPPER(Designacao) LIKE UPPER('Plantação')));
INSERT INTO Operacao (Data, Quantidade, Unidade, PlantacaoID, CadernoDeCampoID, TipoOperacaoDesignacao) VALUES (TO_DATE('10/10/2016', 'MM-DD-YYYY'), 20, 'un', (SELECT ID FROM Plantacao WHERE ParcelaID LIKE 102 AND ROWNUM = 1), (SELECT ID FROM CadernoDeCampo WHERE QuintaID IN (SELECT ID FROM Quinta WHERE UPPER(Designacao) = 'QUINTA DO ÂNGELO')), (SELECT Designacao FROM TipoOperacao WHERE UPPER(Designacao) LIKE UPPER('Plantação')));
INSERT INTO Operacao (Data, Quantidade, Unidade, PlantacaoID, CadernoDeCampoID, TipoOperacaoDesignacao) VALUES (TO_DATE('01/07/2017', 'MM-DD-YYYY'), 90, 'un', (SELECT ID FROM Plantacao WHERE ParcelaID LIKE 104 AND ROWNUM = 1), (SELECT ID FROM CadernoDeCampo WHERE QuintaID IN (SELECT ID FROM Quinta WHERE UPPER(Designacao) = 'QUINTA DO ÂNGELO')), (SELECT Designacao FROM TipoOperacao WHERE UPPER(Designacao) LIKE UPPER('Plantação')));
INSERT INTO Operacao (Data, Quantidade, Unidade, PlantacaoID, CadernoDeCampoID, TipoOperacaoDesignacao) VALUES (TO_DATE('01/08/2017', 'MM-DD-YYYY'), 60, 'un', (SELECT ID FROM Plantacao WHERE ParcelaID LIKE 104 AND ROWNUM = 1), (SELECT ID FROM CadernoDeCampo WHERE QuintaID IN (SELECT ID FROM Quinta WHERE UPPER(Designacao) = 'QUINTA DO ÂNGELO')), (SELECT Designacao FROM TipoOperacao WHERE UPPER(Designacao) LIKE UPPER('Plantação')));
INSERT INTO Operacao (Data, Quantidade, Unidade, PlantacaoID, CadernoDeCampoID, TipoOperacaoDesignacao) VALUES (TO_DATE('01/08/2017', 'MM-DD-YYYY'), 40, 'un', (SELECT ID FROM Plantacao WHERE ParcelaID LIKE 104 AND ROWNUM = 1), (SELECT ID FROM CadernoDeCampo WHERE QuintaID IN (SELECT ID FROM Quinta WHERE UPPER(Designacao) = 'QUINTA DO ÂNGELO')), (SELECT Designacao FROM TipoOperacao WHERE UPPER(Designacao) LIKE UPPER('Plantação')));
INSERT INTO Operacao (Data, Quantidade, Unidade, PlantacaoID, CadernoDeCampoID, TipoOperacaoDesignacao) VALUES (TO_DATE('12/10/2018', 'MM-DD-YYYY'), 30, 'un', (SELECT ID FROM Plantacao WHERE ParcelaID LIKE 104 AND ROWNUM = 1), (SELECT ID FROM CadernoDeCampo WHERE QuintaID IN (SELECT ID FROM Quinta WHERE UPPER(Designacao) = 'QUINTA DO ÂNGELO')), (SELECT Designacao FROM TipoOperacao WHERE UPPER(Designacao) LIKE UPPER('Plantação')));
INSERT INTO TipoOperacao (Designacao) VALUES ('Sementeira');
INSERT INTO Operacao (Data, Quantidade, Unidade, PlantacaoID, CadernoDeCampoID, TipoOperacaoDesignacao) VALUES (TO_DATE('10/10/2020', 'MM-DD-YYYY'), NULL, NULL, (SELECT ID FROM Plantacao WHERE ParcelaID LIKE 101 AND ROWNUM = 1), (SELECT ID FROM CadernoDeCampo WHERE QuintaID IN (SELECT ID FROM Quinta WHERE UPPER(Designacao) = 'QUINTA DO ÂNGELO')), (SELECT Designacao FROM TipoOperacao WHERE UPPER(Designacao) LIKE UPPER('Sementeira')));
INSERT INTO TipoOperacao (Designacao) VALUES ('Poda');
INSERT INTO Operacao (Data, Quantidade, Unidade, PlantacaoID, CadernoDeCampoID, TipoOperacaoDesignacao) VALUES (TO_DATE('12/05/2020', 'MM-DD-YYYY'), 70, 'un', (SELECT ID FROM Plantacao WHERE ParcelaID LIKE 104 AND ROWNUM = 1), (SELECT ID FROM CadernoDeCampo WHERE QuintaID IN (SELECT ID FROM Quinta WHERE UPPER(Designacao) = 'QUINTA DO ÂNGELO')), (SELECT Designacao FROM TipoOperacao WHERE UPPER(Designacao) LIKE UPPER('Poda')));
INSERT INTO Operacao (Data, Quantidade, Unidade, PlantacaoID, CadernoDeCampoID, TipoOperacaoDesignacao) VALUES (TO_DATE('12/05/2020', 'MM-DD-YYYY'), 50, 'un', (SELECT ID FROM Plantacao WHERE ParcelaID LIKE 104 AND ROWNUM = 1), (SELECT ID FROM CadernoDeCampo WHERE QuintaID IN (SELECT ID FROM Quinta WHERE UPPER(Designacao) = 'QUINTA DO ÂNGELO')), (SELECT Designacao FROM TipoOperacao WHERE UPPER(Designacao) LIKE UPPER('Poda')));
INSERT INTO Operacao (Data, Quantidade, Unidade, PlantacaoID, CadernoDeCampoID, TipoOperacaoDesignacao) VALUES (TO_DATE('12/15/2020', 'MM-DD-YYYY'), 40, 'un', (SELECT ID FROM Plantacao WHERE ParcelaID LIKE 104 AND ROWNUM = 1), (SELECT ID FROM CadernoDeCampo WHERE QuintaID IN (SELECT ID FROM Quinta WHERE UPPER(Designacao) = 'QUINTA DO ÂNGELO')), (SELECT Designacao FROM TipoOperacao WHERE UPPER(Designacao) LIKE UPPER('Poda')));
INSERT INTO Operacao (Data, Quantidade, Unidade, PlantacaoID, CadernoDeCampoID, TipoOperacaoDesignacao) VALUES (TO_DATE('12/15/2020', 'MM-DD-YYYY'), 60, 'un', (SELECT ID FROM Plantacao WHERE ParcelaID LIKE 104 AND ROWNUM = 1), (SELECT ID FROM CadernoDeCampo WHERE QuintaID IN (SELECT ID FROM Quinta WHERE UPPER(Designacao) = 'QUINTA DO ÂNGELO')), (SELECT Designacao FROM TipoOperacao WHERE UPPER(Designacao) LIKE UPPER('Poda')));
INSERT INTO TipoOperacao (Designacao) VALUES ('Incorporação no solo');
INSERT INTO Operacao (Data, Quantidade, Unidade, PlantacaoID, CadernoDeCampoID, TipoOperacaoDesignacao) VALUES (TO_DATE('03/30/2021', 'MM-DD-YYYY'), NULL, NULL, (SELECT ID FROM Plantacao WHERE ParcelaID LIKE 101 AND ROWNUM = 1), (SELECT ID FROM CadernoDeCampo WHERE QuintaID IN (SELECT ID FROM Quinta WHERE UPPER(Designacao) = 'QUINTA DO ÂNGELO')), (SELECT Designacao FROM TipoOperacao WHERE UPPER(Designacao) LIKE UPPER('Incorporação no solo')));
INSERT INTO Operacao (Data, Quantidade, Unidade, PlantacaoID, CadernoDeCampoID, TipoOperacaoDesignacao) VALUES (TO_DATE('04/15/2021', 'MM-DD-YYYY'), NULL, NULL, (SELECT ID FROM Plantacao WHERE ParcelaID LIKE 101 AND ROWNUM = 1), (SELECT ID FROM CadernoDeCampo WHERE QuintaID IN (SELECT ID FROM Quinta WHERE UPPER(Designacao) = 'QUINTA DO ÂNGELO')), (SELECT Designacao FROM TipoOperacao WHERE UPPER(Designacao) LIKE UPPER('Sementeira')));
INSERT INTO TipoOperacao (Designacao) VALUES ('Fertilização');
INSERT INTO Operacao (Data, Quantidade, Unidade, PlantacaoID, CadernoDeCampoID, TipoOperacaoDesignacao) VALUES (TO_DATE('05/02/2021', 'MM-DD-YYYY'), 10, 'kg', (SELECT ID FROM Plantacao WHERE ParcelaID LIKE 104 AND ROWNUM = 1), (SELECT ID FROM CadernoDeCampo WHERE QuintaID IN (SELECT ID FROM Quinta WHERE UPPER(Designacao) = 'QUINTA DO ÂNGELO')), (SELECT Designacao FROM TipoOperacao WHERE UPPER(Designacao) LIKE UPPER('Fertilização')));
INSERT INTO TipoOperacao (Designacao) VALUES ('Rega');
INSERT INTO Operacao (Data, Quantidade, Unidade, PlantacaoID, CadernoDeCampoID, TipoOperacaoDesignacao) VALUES (TO_DATE('07/05/2021', 'MM-DD-YYYY'), 5, 'm3', (SELECT ID FROM Plantacao WHERE ParcelaID LIKE 104 AND ROWNUM = 1), (SELECT ID FROM CadernoDeCampo WHERE QuintaID IN (SELECT ID FROM Quinta WHERE UPPER(Designacao) = 'QUINTA DO ÂNGELO')), (SELECT Designacao FROM TipoOperacao WHERE UPPER(Designacao) LIKE UPPER('Rega')));
INSERT INTO TipoOperacao (Designacao) VALUES ('Colheita');
INSERT INTO Operacao (Data, Quantidade, Unidade, PlantacaoID, CadernoDeCampoID, TipoOperacaoDesignacao) VALUES (TO_DATE('08/21/2021', 'MM-DD-YYYY'), 3300, 'kg', (SELECT ID FROM Plantacao WHERE ParcelaID LIKE 101 AND ROWNUM = 1), (SELECT ID FROM CadernoDeCampo WHERE QuintaID IN (SELECT ID FROM Quinta WHERE UPPER(Designacao) = 'QUINTA DO ÂNGELO')), (SELECT Designacao FROM TipoOperacao WHERE UPPER(Designacao) LIKE UPPER('Colheita')));
INSERT INTO Operacao (Data, Quantidade, Unidade, PlantacaoID, CadernoDeCampoID, TipoOperacaoDesignacao) VALUES (TO_DATE('08/24/2021', 'MM-DD-YYYY'), 900, 'kg', (SELECT ID FROM Plantacao WHERE ParcelaID LIKE 104 AND ROWNUM = 1), (SELECT ID FROM CadernoDeCampo WHERE QuintaID IN (SELECT ID FROM Quinta WHERE UPPER(Designacao) = 'QUINTA DO ÂNGELO')), (SELECT Designacao FROM TipoOperacao WHERE UPPER(Designacao) LIKE UPPER('Colheita')));
INSERT INTO Operacao (Data, Quantidade, Unidade, PlantacaoID, CadernoDeCampoID, TipoOperacaoDesignacao) VALUES (TO_DATE('09/05/2021', 'MM-DD-YYYY'), 800, 'kg', (SELECT ID FROM Plantacao WHERE ParcelaID LIKE 104 AND ROWNUM = 1), (SELECT ID FROM CadernoDeCampo WHERE QuintaID IN (SELECT ID FROM Quinta WHERE UPPER(Designacao) = 'QUINTA DO ÂNGELO')), (SELECT Designacao FROM TipoOperacao WHERE UPPER(Designacao) LIKE UPPER('Colheita')));
INSERT INTO Operacao (Data, Quantidade, Unidade, PlantacaoID, CadernoDeCampoID, TipoOperacaoDesignacao) VALUES (TO_DATE('09/12/2021', 'MM-DD-YYYY'), 800, 'kg', (SELECT ID FROM Plantacao WHERE ParcelaID LIKE 104 AND ROWNUM = 1), (SELECT ID FROM CadernoDeCampo WHERE QuintaID IN (SELECT ID FROM Quinta WHERE UPPER(Designacao) = 'QUINTA DO ÂNGELO')), (SELECT Designacao FROM TipoOperacao WHERE UPPER(Designacao) LIKE UPPER('Colheita')));
INSERT INTO Operacao (Data, Quantidade, Unidade, PlantacaoID, CadernoDeCampoID, TipoOperacaoDesignacao) VALUES (TO_DATE('09/23/2021', 'MM-DD-YYYY'), 1200, 'kg', (SELECT ID FROM Plantacao WHERE ParcelaID LIKE 104 AND ROWNUM = 1), (SELECT ID FROM CadernoDeCampo WHERE QuintaID IN (SELECT ID FROM Quinta WHERE UPPER(Designacao) = 'QUINTA DO ÂNGELO')), (SELECT Designacao FROM TipoOperacao WHERE UPPER(Designacao) LIKE UPPER('Colheita')));
INSERT INTO Operacao (Data, Quantidade, Unidade, PlantacaoID, CadernoDeCampoID, TipoOperacaoDesignacao) VALUES (TO_DATE('10/03/2021', 'MM-DD-YYYY'), NULL, NULL, (SELECT ID FROM Plantacao WHERE ParcelaID LIKE 101 AND ROWNUM = 1), (SELECT ID FROM CadernoDeCampo WHERE QuintaID IN (SELECT ID FROM Quinta WHERE UPPER(Designacao) = 'QUINTA DO ÂNGELO')), (SELECT Designacao FROM TipoOperacao WHERE UPPER(Designacao) LIKE UPPER('Sementeira')));
INSERT INTO Operacao (Data, Quantidade, Unidade, PlantacaoID, CadernoDeCampoID, TipoOperacaoDesignacao) VALUES (TO_DATE('10/12/2021', 'MM-DD-YYYY'), 950, 'kg', (SELECT ID FROM Plantacao WHERE ParcelaID LIKE 104 AND ROWNUM = 1), (SELECT ID FROM CadernoDeCampo WHERE QuintaID IN (SELECT ID FROM Quinta WHERE UPPER(Designacao) = 'QUINTA DO ÂNGELO')), (SELECT Designacao FROM TipoOperacao WHERE UPPER(Designacao) LIKE UPPER('Colheita')));
INSERT INTO Operacao (Data, Quantidade, Unidade, PlantacaoID, CadernoDeCampoID, TipoOperacaoDesignacao) VALUES (TO_DATE('11/03/2021', 'MM-DD-YYYY'), 750, 'kg', (SELECT ID FROM Plantacao WHERE ParcelaID LIKE 104 AND ROWNUM = 1), (SELECT ID FROM CadernoDeCampo WHERE QuintaID IN (SELECT ID FROM Quinta WHERE UPPER(Designacao) = 'QUINTA DO ÂNGELO')), (SELECT Designacao FROM TipoOperacao WHERE UPPER(Designacao) LIKE UPPER('Colheita')));
INSERT INTO Operacao (Data, Quantidade, Unidade, PlantacaoID, CadernoDeCampoID, TipoOperacaoDesignacao) VALUES (TO_DATE('11/28/2021', 'MM-DD-YYYY'), 70, 'un', (SELECT ID FROM Plantacao WHERE ParcelaID LIKE 104 AND ROWNUM = 1), (SELECT ID FROM CadernoDeCampo WHERE QuintaID IN (SELECT ID FROM Quinta WHERE UPPER(Designacao) = 'QUINTA DO ÂNGELO')), (SELECT Designacao FROM TipoOperacao WHERE UPPER(Designacao) LIKE UPPER('Poda')));
INSERT INTO Operacao (Data, Quantidade, Unidade, PlantacaoID, CadernoDeCampoID, TipoOperacaoDesignacao) VALUES (TO_DATE('12/03/2021', 'MM-DD-YYYY'), 90, 'un', (SELECT ID FROM Plantacao WHERE ParcelaID LIKE 104 AND ROWNUM = 1), (SELECT ID FROM CadernoDeCampo WHERE QuintaID IN (SELECT ID FROM Quinta WHERE UPPER(Designacao) = 'QUINTA DO ÂNGELO')), (SELECT Designacao FROM TipoOperacao WHERE UPPER(Designacao) LIKE UPPER('Poda')));
INSERT INTO Operacao (Data, Quantidade, Unidade, PlantacaoID, CadernoDeCampoID, TipoOperacaoDesignacao) VALUES (TO_DATE('12/18/2021', 'MM-DD-YYYY'), 60, 'un', (SELECT ID FROM Plantacao WHERE ParcelaID LIKE 104 AND ROWNUM = 1), (SELECT ID FROM CadernoDeCampo WHERE QuintaID IN (SELECT ID FROM Quinta WHERE UPPER(Designacao) = 'QUINTA DO ÂNGELO')), (SELECT Designacao FROM TipoOperacao WHERE UPPER(Designacao) LIKE UPPER('Poda')));
INSERT INTO Operacao (Data, Quantidade, Unidade, PlantacaoID, CadernoDeCampoID, TipoOperacaoDesignacao) VALUES (TO_DATE('04/05/2022', 'MM-DD-YYYY'), NULL, NULL, (SELECT ID FROM Plantacao WHERE ParcelaID LIKE 101 AND ROWNUM = 1), (SELECT ID FROM CadernoDeCampo WHERE QuintaID IN (SELECT ID FROM Quinta WHERE UPPER(Designacao) = 'QUINTA DO ÂNGELO')), (SELECT Designacao FROM TipoOperacao WHERE UPPER(Designacao) LIKE UPPER('Incorporação no solo')));
INSERT INTO Operacao (Data, Quantidade, Unidade, PlantacaoID, CadernoDeCampoID, TipoOperacaoDesignacao) VALUES (TO_DATE('04/10/2022', 'MM-DD-YYYY'), NULL, NULL, (SELECT ID FROM Plantacao WHERE ParcelaID LIKE 101 AND ROWNUM = 1), (SELECT ID FROM CadernoDeCampo WHERE QuintaID IN (SELECT ID FROM Quinta WHERE UPPER(Designacao) = 'QUINTA DO ÂNGELO')), (SELECT Designacao FROM TipoOperacao WHERE UPPER(Designacao) LIKE UPPER('Sementeira')));
INSERT INTO Operacao (Data, Quantidade, Unidade, PlantacaoID, CadernoDeCampoID, TipoOperacaoDesignacao) VALUES (TO_DATE('05/13/2022', 'MM-DD-YYYY'), 10, 'kg', (SELECT ID FROM Plantacao WHERE ParcelaID LIKE 104 AND ROWNUM = 1), (SELECT ID FROM CadernoDeCampo WHERE QuintaID IN (SELECT ID FROM Quinta WHERE UPPER(Designacao) = 'QUINTA DO ÂNGELO')), (SELECT Designacao FROM TipoOperacao WHERE UPPER(Designacao) LIKE UPPER('Fertilização')));
INSERT INTO Operacao (Data, Quantidade, Unidade, PlantacaoID, CadernoDeCampoID, TipoOperacaoDesignacao) VALUES (TO_DATE('08/12/2022', 'MM-DD-YYYY'), 3500, 'kg', (SELECT ID FROM Plantacao WHERE ParcelaID LIKE 101 AND ROWNUM = 1), (SELECT ID FROM CadernoDeCampo WHERE QuintaID IN (SELECT ID FROM Quinta WHERE UPPER(Designacao) = 'QUINTA DO ÂNGELO')), (SELECT Designacao FROM TipoOperacao WHERE UPPER(Designacao) LIKE UPPER('Colheita')));
INSERT INTO Operacao (Data, Quantidade, Unidade, PlantacaoID, CadernoDeCampoID, TipoOperacaoDesignacao) VALUES (TO_DATE('08/20/2022', 'MM-DD-YYYY'), 950, 'kg', (SELECT ID FROM Plantacao WHERE ParcelaID LIKE 104 AND ROWNUM = 1), (SELECT ID FROM CadernoDeCampo WHERE QuintaID IN (SELECT ID FROM Quinta WHERE UPPER(Designacao) = 'QUINTA DO ÂNGELO')), (SELECT Designacao FROM TipoOperacao WHERE UPPER(Designacao) LIKE UPPER('Colheita')));
INSERT INTO Operacao (Data, Quantidade, Unidade, PlantacaoID, CadernoDeCampoID, TipoOperacaoDesignacao) VALUES (TO_DATE('09/07/2022', 'MM-DD-YYYY'), 830, 'kg', (SELECT ID FROM Plantacao WHERE ParcelaID LIKE 104 AND ROWNUM = 1), (SELECT ID FROM CadernoDeCampo WHERE QuintaID IN (SELECT ID FROM Quinta WHERE UPPER(Designacao) = 'QUINTA DO ÂNGELO')), (SELECT Designacao FROM TipoOperacao WHERE UPPER(Designacao) LIKE UPPER('Colheita')));
INSERT INTO Operacao (Data, Quantidade, Unidade, PlantacaoID, CadernoDeCampoID, TipoOperacaoDesignacao) VALUES (TO_DATE('09/11/2022', 'MM-DD-YYYY'), 750, 'kg', (SELECT ID FROM Plantacao WHERE ParcelaID LIKE 104 AND ROWNUM = 1), (SELECT ID FROM CadernoDeCampo WHERE QuintaID IN (SELECT ID FROM Quinta WHERE UPPER(Designacao) = 'QUINTA DO ÂNGELO')), (SELECT Designacao FROM TipoOperacao WHERE UPPER(Designacao) LIKE UPPER('Colheita')));
INSERT INTO Operacao (Data, Quantidade, Unidade, PlantacaoID, CadernoDeCampoID, TipoOperacaoDesignacao) VALUES (TO_DATE('09/20/2022', 'MM-DD-YYYY'), 1150, 'kg', (SELECT ID FROM Plantacao WHERE ParcelaID LIKE 104 AND ROWNUM = 1), (SELECT ID FROM CadernoDeCampo WHERE QuintaID IN (SELECT ID FROM Quinta WHERE UPPER(Designacao) = 'QUINTA DO ÂNGELO')), (SELECT Designacao FROM TipoOperacao WHERE UPPER(Designacao) LIKE UPPER('Colheita')));
INSERT INTO Operacao (Data, Quantidade, Unidade, PlantacaoID, CadernoDeCampoID, TipoOperacaoDesignacao) VALUES (TO_DATE('10/17/2022', 'MM-DD-YYYY'), 850, 'kg', (SELECT ID FROM Plantacao WHERE ParcelaID LIKE 104 AND ROWNUM = 1), (SELECT ID FROM CadernoDeCampo WHERE QuintaID IN (SELECT ID FROM Quinta WHERE UPPER(Designacao) = 'QUINTA DO ÂNGELO')), (SELECT Designacao FROM TipoOperacao WHERE UPPER(Designacao) LIKE UPPER('Colheita')));
INSERT INTO Operacao (Data, Quantidade, Unidade, PlantacaoID, CadernoDeCampoID, TipoOperacaoDesignacao) VALUES (TO_DATE('11/06/2022', 'MM-DD-YYYY'), 900, 'kg', (SELECT ID FROM Plantacao WHERE ParcelaID LIKE 104 AND ROWNUM = 1), (SELECT ID FROM CadernoDeCampo WHERE QuintaID IN (SELECT ID FROM Quinta WHERE UPPER(Designacao) = 'QUINTA DO ÂNGELO')), (SELECT Designacao FROM TipoOperacao WHERE UPPER(Designacao) LIKE UPPER('Colheita')));
INSERT INTO Operacao (Data, Quantidade, Unidade, PlantacaoID, CadernoDeCampoID, TipoOperacaoDesignacao) VALUES (TO_DATE('12/04/2022', 'MM-DD-YYYY'), 70, 'un', (SELECT ID FROM Plantacao WHERE ParcelaID LIKE 104 AND ROWNUM = 1), (SELECT ID FROM CadernoDeCampo WHERE QuintaID IN (SELECT ID FROM Quinta WHERE UPPER(Designacao) = 'QUINTA DO ÂNGELO')), (SELECT Designacao FROM TipoOperacao WHERE UPPER(Designacao) LIKE UPPER('Poda')));
INSERT INTO Operacao (Data, Quantidade, Unidade, PlantacaoID, CadernoDeCampoID, TipoOperacaoDesignacao) VALUES (TO_DATE('12/07/2022', 'MM-DD-YYYY'), 90, 'un', (SELECT ID FROM Plantacao WHERE ParcelaID LIKE 104 AND ROWNUM = 1), (SELECT ID FROM CadernoDeCampo WHERE QuintaID IN (SELECT ID FROM Quinta WHERE UPPER(Designacao) = 'QUINTA DO ÂNGELO')), (SELECT Designacao FROM TipoOperacao WHERE UPPER(Designacao) LIKE UPPER('Poda')));
INSERT INTO Operacao (Data, Quantidade, Unidade, PlantacaoID, CadernoDeCampoID, TipoOperacaoDesignacao) VALUES (TO_DATE('01/12/2023', 'MM-DD-YYYY'), 60, 'un', (SELECT ID FROM Plantacao WHERE ParcelaID LIKE 104 AND ROWNUM = 1), (SELECT ID FROM CadernoDeCampo WHERE QuintaID IN (SELECT ID FROM Quinta WHERE UPPER(Designacao) = 'QUINTA DO ÂNGELO')), (SELECT Designacao FROM TipoOperacao WHERE UPPER(Designacao) LIKE UPPER('Poda')));
