INSERT INTO Quinta (ID, Designacao) VALUES (0, 'Quinta Do Ângelo');
INSERT INTO CadernoDeCampo (ID, QuintaID) VALUES (0, 0);
INSERT INTO EstacaoMeteorologica (ID, QuintaID) VALUES(0, 0);
INSERT INTO TipoSensor (ID, Designacao, Unidade) VALUES (0, 'Pluviosidade', 'mm');
INSERT INTO Sensor (ID, TipoSensorID) VALUES (0, 0);
INSERT INTO RegistoSensor (ID, Valor, DataRegisto, EstacaoMeteorologicaID, SensorID, CadernoDeCampoID) VALUES (0, 3, TO_DATE('10/14/2020', 'MM/DD/YYYY'), 0, 0, 0);
INSERT INTO TipoSensor (ID, Designacao, Unidade) VALUES (1, 'Temperatura do Solo', '°C');
INSERT INTO Sensor (ID, TipoSensorID) VALUES (1, 1);
INSERT INTO RegistoSensor (ID, Valor, DataRegisto, EstacaoMeteorologicaID, SensorID, CadernoDeCampoID) VALUES (1, 23, TO_DATE('10/14/2020', 'MM/DD/YYYY'), 0, 1, 0);
INSERT INTO TipoSensor (ID, Designacao, Unidade) VALUES (2, 'Humidade do Solo', '%');
INSERT INTO Sensor (ID, TipoSensorID) VALUES (2, 2);
INSERT INTO RegistoSensor (ID, Valor, DataRegisto, EstacaoMeteorologicaID, SensorID, CadernoDeCampoID) VALUES (2, 34, TO_DATE('10/14/2020', 'MM/DD/YYYY'), 0, 2, 0);
INSERT INTO TipoSensor (ID, Designacao, Unidade) VALUES (3, 'Velocidade do Vento', 'k/h');
INSERT INTO Sensor (ID, TipoSensorID) VALUES (3, 3);
INSERT INTO RegistoSensor (ID, Valor, DataRegisto, EstacaoMeteorologicaID, SensorID, CadernoDeCampoID) VALUES (3, 25, TO_DATE('10/14/2020', 'MM/DD/YYYY'), 0, 3, 0);
INSERT INTO TipoSensor (ID, Designacao, Unidade) VALUES (4, 'Temperatura', '°C');
INSERT INTO Sensor (ID, TipoSensorID) VALUES (4, 4);
INSERT INTO RegistoSensor (ID, Valor, DataRegisto, EstacaoMeteorologicaID, SensorID, CadernoDeCampoID) VALUES (4, 22, TO_DATE('10/14/2020', 'MM/DD/YYYY'), 0, 4, 0);
INSERT INTO TipoSensor (ID, Designacao, Unidade) VALUES (5, 'Humidade do Ar', '%');
INSERT INTO Sensor (ID, TipoSensorID) VALUES (5, 5);
INSERT INTO RegistoSensor (ID, Valor, DataRegisto, EstacaoMeteorologicaID, SensorID, CadernoDeCampoID) VALUES (5, 60, TO_DATE('10/14/2020', 'MM/DD/YYYY'), 0, 5, 0);
INSERT INTO TipoSensor (ID, Designacao, Unidade) VALUES (6, 'Pressão Atmosférica', 'Pa');
INSERT INTO Sensor (ID, TipoSensorID) VALUES (6, 6);
INSERT INTO RegistoSensor (ID, Valor, DataRegisto, EstacaoMeteorologicaID, SensorID, CadernoDeCampoID) VALUES (6, 23, TO_DATE('10/14/2020', 'MM/DD/YYYY'), 0, 6, 0);